{
    "Plot 19, Old Padra Rd, next to Sera Pizzeria, near Hanuman temple, JP Nagar, Sukrutinagar, Diwalipura, Vadodara, Gujarat 390015": [
        22.2929523,
        73.1652573
    ],
    "Carnival pickle ball, opposite Krishna Park Society, near Sayid Vasna, Saiyed Vasna, Vadodara, Gujarat 390007": [
        22.300483399999997,
        73.1412296
    ],
    "849F+265, Sevasi, Vadodara, Khanpur, Gujarat 391101": [
        22.3175125,
        73.12310939999999
    ],
    "Smash, b, Fitness MMA, h Dojo, Vasna - Bhayli Main Rd, nr. Kalyan Party Plot, Krishnadham Society, Saiyed Vasna, Vadodara, Gujarat 390007": [
        22.2970398,
        73.14710409999999
    ],
    "Baroda Sports Arena, Sevasi TP 3 Rd, Chandramauleshwar Nagar, Gotri, Vadodara, Gujarat 391101": [
        22.312470599999997,
        73.1261155
    ],
    "Plot 334, Navrachna University Road, behind 33LE, opposite Nilamber Grandeur, Bhayli, Vadodara, Gujarat 391410": [
        22.29087275,
        73.1238614
    ],
    "3rd Shot By Strokess, opp. eclipse sports 2, New Alkapuri, Ankodiya, Vadodara, Gujarat 391330": [
        22.3359325,
        73.12173609999999
    ],
    "Alkapuri Society, Alkapuri, Vadodara, Gujarat 390007": [
        22.3138152,
        73.17178469999999
    ],
    "Inside Adventuraa, Besides Asopalav One West, Sevasi Ring Road, Bhayli, Gujarat 391101": [
        22.308062900000003,
        73.12498959999999
    ],
    "1250, Kendranagar, Vadodara, Gujarat 390025": [
        22.2990347,
        73.2527917
    ],
    "S No - 170, Jalsa, 72-2, Sevasi - Canal Rd, Vadodara, Gujarat 391110": [
        22.32051615,
        73.10757615
    ],
    "Pickle Madness, Plot 31/9 B, Sevasi - Canal Rd, next to Pushpak Tennis academy, near Tarak Bunglows, Sevasi, Vadodara, Gujarat 391101": [
        22.315675299999995,
        73.1237391
    ],
    "189, Aaryan Party Plot, next to Aatmajyoti Ashram Road, Citizen Society, Ellora Park, Hari Nagar, Vadodara, Gujarat 390023": [
        22.3164841,
        73.15503869999999
    ],
    "Elevate Sports, Sevasi - Sindhrot Rd, near Sai Sudha Lawns, New Alkapuri, Khanpur, Vadodara, Gujarat 391330": [
        22.311251099999996,
        73.1274689
    ],
    "Ankodiya Rd, behind Doggers Park, opposite Veda Lawns, New Alkapuri, Ankodiya, Vadodara, Gujarat 391330": [
        22.33520945,
        73.1189525
    ],
    "FF No 99, Jalsa App, TP 1, Priya Talkies Road, near Adventuraa Park, Sevasi, Vadodara, Gujarat 391101": [
        22.315389350000004,
        73.1070927
    ],
    "75FF+X8, Manjalpur, Vadodara, Gujarat 390012": [
        22.274937500000004,
        73.1733125
    ],
    "Sevasi TP 3 Rd, Chandramauleshwar Nagar, Gotri, Vadodara, Gujarat 391101": [
        22.311644799999996,
        73.1266156
    ],
    "Alkapuri Gymkhana, near Baroda High School, Alkapuri, Vadodara, Gujarat 390007": [
        22.3128802,
        73.1684393
    ],
    "box cricket, Let's Play pickleball arena, Waghodia Rd, in front of amoder, opp. Prime Plaza, Vadodara, Pavlepur, Gujarat 390019": [
        22.2939049,
        73.2957328
    ]
}